{
  "timestamp": "2025-09-14T15:26:51.768468",
  "total_subagents": 12,
  "successful_collections": 12,
  "failed_collections": 0,
  "subagents": [
    "agent-factory-builder",
    "api-designer",
    "classification-pipeline-expert",
    "database-architect",
    "document-ingestion-specialist",
    "hybrid-search-specialist",
    "langgraph-orchestrator",
    "observability-engineer",
    "rag-evaluation-specialist",
    "security-compliance-auditor",
    "taxonomy-architect",
    "tree-ui-developer"
  ]
}