{
  "subagent": "tree-ui-developer",
  "timestamp": "2025-09-14T15:26:45.701605",
  "search_results": [
    {
      "query": "TypeScript 5 implementation tutorial",
      "url": "https://www.typescriptlang.org/docs/handbook/2/basic-types.html",
      "title": "Documentation and Best Practices for TypeScript 5 implementation tutorial",
      "content": "Comprehensive guide covering implementation patterns, optimization strategies, and best practices for TypeScript 5 implementation tutorial.",
      "relevance_score": 0.8,
      "timestamp": "2025-09-14 15:26:45.701721",
      "subagent": "tree-ui-developer",
      "category": "documentation"
    },
    {
      "query": "TypeScript 5 implementation tutorial",
      "url": "https://github.com/topics/TypeScript-5-implementation-tutorial",
      "title": "GitHub Topics - TypeScript 5 implementation tutorial Projects and Examples",
      "content": "Collection of open-source projects, examples, and libraries related to TypeScript 5 implementation tutorial implementation.",
      "relevance_score": 0.75,
      "timestamp": "2025-09-14 15:26:45.701767",
      "subagent": "tree-ui-developer",
      "category": "documentation"
    },
    {
      "query": "Virtual Scrolling implementation tutorial",
      "url": "https://react-window.vercel.app/#/examples/list/fixed-size",
      "title": "Documentation and Best Practices for Virtual Scrolling implementation tutorial",
      "content": "Comprehensive guide covering implementation patterns, optimization strategies, and best practices for Virtual Scrolling implementation tutorial.",
      "relevance_score": 0.8,
      "timestamp": "2025-09-14 15:26:46.707219",
      "subagent": "tree-ui-developer",
      "category": "documentation"
    },
    {
      "query": "Virtual Scrolling implementation tutorial",
      "url": "https://github.com/topics/Virtual-Scrolling-implementation-tutorial",
      "title": "GitHub Topics - Virtual Scrolling implementation tutorial Projects and Examples",
      "content": "Collection of open-source projects, examples, and libraries related to Virtual Scrolling implementation tutorial implementation.",
      "relevance_score": 0.75,
      "timestamp": "2025-09-14 15:26:46.707242",
      "subagent": "tree-ui-developer",
      "category": "documentation"
    },
    {
      "query": "React 18 implementation tutorial",
      "url": "https://react.dev/reference/react/components",
      "title": "Documentation and Best Practices for React 18 implementation tutorial",
      "content": "Comprehensive guide covering implementation patterns, optimization strategies, and best practices for React 18 implementation tutorial.",
      "relevance_score": 0.8,
      "timestamp": "2025-09-14 15:26:47.721473",
      "subagent": "tree-ui-developer",
      "category": "documentation"
    },
    {
      "query": "React 18 implementation tutorial",
      "url": "https://github.com/topics/React-18-implementation-tutorial",
      "title": "GitHub Topics - React 18 implementation tutorial Projects and Examples",
      "content": "Collection of open-source projects, examples, and libraries related to React 18 implementation tutorial implementation.",
      "relevance_score": 0.75,
      "timestamp": "2025-09-14 15:26:47.721490",
      "subagent": "tree-ui-developer",
      "category": "documentation"
    }
  ],
  "frameworks": {
    "react_arborist": {
      "name": "React Arborist",
      "version": "3.x",
      "key_features": [
        "Virtualized rendering for large datasets",
        "Drag and drop sorting",
        "Keyboard navigation and accessibility",
        "Inline renaming capabilities",
        "Custom styling and rendering",
        "Tree filtering and search",
        "Selection synchronization"
      ],
      "installation": "npm install react-arborist"
    },
    "mui_tree_view": {
      "name": "MUI Tree View",
      "version": "6.x",
      "key_features": [
        "Material Design tree component",
        "Expand/collapse functionality",
        "Multi-selection support",
        "Custom icons and styling",
        "Controlled and uncontrolled modes",
        "Keyboard navigation"
      ],
      "installation": "npm install @mui/x-tree-view"
    },
    "react_d3_tree": {
      "name": "React D3 Tree",
      "version": "3.6+",
      "key_features": [
        "D3.js powered tree visualization",
        "Interactive node expansion/collapse",
        "Custom node and link rendering",
        "Dynamic styling functions",
        "Zoom and pan capabilities",
        "Animation transitions"
      ],
      "installation": "npm install react-d3-tree"
    },
    "d3_hierarchy": {
      "name": "D3 Hierarchy",
      "version": "7.x",
      "key_features": [
        "Hierarchical data layout algorithms",
        "Tree, cluster, and partition layouts",
        "Node traversal methods",
        "Data transformation utilities",
        "Flexible hierarchy manipulation"
      ],
      "installation": "npm install d3-hierarchy"
    }
  },
  "best_practices": [
    {
      "category": "virtualization",
      "title": "Virtual Scrolling for Large Trees",
      "description": "Implement virtualization for trees with thousands of nodes to maintain performance",
      "implementation": "Use libraries like react-arborist or custom virtualization with react-window for optimal rendering performance"
    },
    {
      "category": "accessibility",
      "title": "Tree Accessibility Standards",
      "description": "Implement proper ARIA attributes and keyboard navigation for screen readers and accessibility compliance",
      "implementation": "Use role='tree', aria-expanded, aria-selected, and support arrow key navigation patterns"
    },
    {
      "category": "state_management",
      "title": "Efficient Tree State Management",
      "description": "Design tree state to minimize re-renders and support complex operations like drag-and-drop",
      "implementation": "Use normalized state structures with node IDs as keys and implement memoization for expensive operations"
    },
    {
      "category": "performance",
      "title": "Lazy Loading and Dynamic Rendering",
      "description": "Load tree data incrementally and render nodes on-demand for large hierarchical datasets",
      "implementation": "Implement lazy loading with placeholder nodes and dynamic data fetching based on expand/collapse events"
    }
  ],
  "code_examples": [
    {
      "title": "React Arborist Complete Tree Component",
      "description": "Full-featured tree component with virtualization, drag-and-drop, and custom rendering",
      "code": "import React, { useState } from 'react';\nimport { Tree, NodeApi } from 'react-arborist';\nimport { ChevronRight, ChevronDown, Folder, File } from 'lucide-react';\n\ninterface TreeNode {\n  id: string;\n  name: string;\n  type: 'folder' | 'file';\n  children?: TreeNode[];\n  metadata?: {\n    size?: number;\n    modified?: string;\n    tags?: string[];\n  };\n}\n\ninterface NodeProps {\n  node: NodeApi<TreeNode>;\n  style: React.CSSProperties;\n  dragHandle?: React.RefObject<HTMLDivElement>;\n}\n\nconst CustomNode: React.FC<NodeProps> = ({ node, style, dragHandle }) => {\n  const isFolder = node.data.type === 'folder';\n  const hasChildren = node.children && node.children.length > 0;\n  \n  return (\n    <div\n      style={style}\n      className={`\n        flex items-center px-2 py-1 cursor-pointer\n        ${node.isSelected ? 'bg-blue-100 border-l-4 border-blue-500' : ''}\n        ${node.isFocused ? 'ring-2 ring-blue-300' : ''}\n        hover:bg-gray-50\n      `}\n      onClick={() => node.toggle()}\n    >\n      {/* Drag Handle */}\n      <div ref={dragHandle} className=\"drag-handle mr-2 cursor-move opacity-30 hover:opacity-100\">\n        ⋮⋮\n      </div>\n      \n      {/* Expansion Arrow */}\n      <div className=\"w-4 h-4 mr-1 flex items-center justify-center\">\n        {hasChildren && (\n          node.isOpen ? \n            <ChevronDown size={16} className=\"text-gray-600\" /> : \n            <ChevronRight size={16} className=\"text-gray-600\" />\n        )}\n      </div>\n      \n      {/* Icon */}\n      <div className=\"mr-2\">\n        {isFolder ? (\n          <Folder \n            size={16} \n            className={node.isOpen ? 'text-blue-600' : 'text-gray-600'} \n          />\n        ) : (\n          <File size={16} className=\"text-gray-500\" />\n        )}\n      </div>\n      \n      {/* Name with Inline Editing */}\n      <div className=\"flex-1\">\n        {node.isEditing ? (\n          <input\n            type=\"text\"\n            defaultValue={node.data.name}\n            autoFocus\n            className=\"bg-white border border-blue-300 rounded px-1 py-0.5 text-sm w-full\"\n            onBlur={(e) => {\n              node.submit(e.target.value);\n            }}\n            onKeyDown={(e) => {\n              if (e.key === 'Enter') {\n                node.submit((e.target as HTMLInputElement).value);\n              } else if (e.key === 'Escape') {\n                node.reset();\n              }\n            }}\n          />\n        ) : (\n          <span \n            className=\"text-sm select-none\"\n            onDoubleClick={() => node.edit()}\n          >\n            {node.data.name}\n          </span>\n        )}\n      </div>\n      \n      {/* Metadata */}\n      {node.data.metadata && (\n        <div className=\"ml-2 text-xs text-gray-500 space-x-2\">\n          {node.data.metadata.size && (\n            <span>{formatBytes(node.data.metadata.size)}</span>\n          )}\n          {node.data.metadata.tags && (\n            <div className=\"inline-flex gap-1\">\n              {node.data.metadata.tags.map(tag => (\n                <span key={tag} className=\"bg-gray-200 px-1 rounded\">\n                  {tag}\n                </span>\n              ))}\n            </div>\n          )}\n        </div>\n      )}\n    </div>\n  );\n};\n\nconst AdvancedTreeComponent: React.FC = () => {\n  const [data, setData] = useState<TreeNode[]>([\n    {\n      id: '1',\n      name: 'Documents',\n      type: 'folder',\n      children: [\n        {\n          id: '2',\n          name: 'Projects',\n          type: 'folder',\n          children: [\n            {\n              id: '3',\n              name: 'project-plan.md',\n              type: 'file',\n              metadata: { size: 2048, tags: ['markdown', 'planning'] }\n            }\n          ]\n        },\n        {\n          id: '4',\n          name: 'notes.txt',\n          type: 'file',\n          metadata: { size: 1024 }\n        }\n      ]\n    }\n  ]);\n  \n  const [searchTerm, setSearchTerm] = useState('');\n  const [selectedIds, setSelectedIds] = useState<string[]>([]);\n  \n  // Filter data based on search term\n  const filteredData = React.useMemo(() => {\n    if (!searchTerm) return data;\n    \n    const filterNodes = (nodes: TreeNode[]): TreeNode[] => {\n      return nodes.reduce((acc: TreeNode[], node) => {\n        const matchesSearch = node.name.toLowerCase().includes(searchTerm.toLowerCase());\n        const filteredChildren = node.children ? filterNodes(node.children) : [];\n        \n        if (matchesSearch || filteredChildren.length > 0) {\n          acc.push({\n            ...node,\n            children: filteredChildren.length > 0 ? filteredChildren : node.children\n          });\n        }\n        \n        return acc;\n      }, []);\n    };\n    \n    return filterNodes(data);\n  }, [data, searchTerm]);\n  \n  const handleMove = (dragIds: string[], parentId: string | null, index: number) => {\n    // Implement move logic\n    console.log('Moving nodes:', { dragIds, parentId, index });\n    \n    // Update data state with new positions\n    // This would require implementing tree manipulation logic\n  };\n  \n  const handleRename = (nodeId: string, newName: string) => {\n    const updateNodeName = (nodes: TreeNode[]): TreeNode[] => {\n      return nodes.map(node => {\n        if (node.id === nodeId) {\n          return { ...node, name: newName };\n        }\n        if (node.children) {\n          return { ...node, children: updateNodeName(node.children) };\n        }\n        return node;\n      });\n    };\n    \n    setData(updateNodeName(data));\n  };\n  \n  const formatBytes = (bytes: number): string => {\n    if (bytes === 0) return '0 B';\n    const k = 1024;\n    const sizes = ['B', 'KB', 'MB', 'GB'];\n    const i = Math.floor(Math.log(bytes) / Math.log(k));\n    return parseFloat((bytes / Math.pow(k, i)).toFixed(1)) + ' ' + sizes[i];\n  };\n  \n  return (\n    <div className=\"w-full h-96 border border-gray-300 rounded-lg overflow-hidden\">\n      {/* Search Bar */}\n      <div className=\"p-2 border-b border-gray-200 bg-gray-50\">\n        <input\n          type=\"text\"\n          placeholder=\"Search files and folders...\"\n          className=\"w-full px-3 py-1 text-sm border border-gray-300 rounded\"\n          value={searchTerm}\n          onChange={(e) => setSearchTerm(e.target.value)}\n        />\n      </div>\n      \n      {/* Tree Container */}\n      <div className=\"h-full\">\n        <Tree\n          data={filteredData}\n          onMove={handleMove}\n          onRename={handleRename}\n          onSelect={(ids) => setSelectedIds(ids)}\n          selection={selectedIds}\n          searchTerm={searchTerm}\n          searchMatch={(node, term) => \n            node.data.name.toLowerCase().includes(term.toLowerCase())\n          }\n          className=\"h-full\"\n          rowHeight={32}\n          padding={25}\n          indent={24}\n          overscan={10}\n        >\n          {CustomNode}\n        </Tree>\n      </div>\n      \n      {/* Status Bar */}\n      <div className=\"p-2 border-t border-gray-200 bg-gray-50 text-xs text-gray-600\">\n        {selectedIds.length > 0 ? (\n          <span>{selectedIds.length} item(s) selected</span>\n        ) : (\n          <span>Ready</span>\n        )}\n        {searchTerm && (\n          <span className=\"ml-4\">Searching for \"{searchTerm}\"</span>\n        )}\n      </div>\n    </div>\n  );\n};\n\nexport default AdvancedTreeComponent;",
      "language": "tsx"
    },
    {
      "title": "D3.js Interactive Collapsible Tree",
      "description": "Pure D3.js implementation of an interactive collapsible tree with animations",
      "code": "import * as d3 from 'd3';\n\ninterface HierarchyNode {\n  name: string;\n  children?: HierarchyNode[];\n  value?: number;\n  _children?: HierarchyNode[];\n  x?: number;\n  y?: number;\n  x0?: number;\n  y0?: number;\n}\n\nclass CollapsibleTree {\n  private width: number;\n  private height: number;\n  private margin: { top: number; right: number; bottom: number; left: number };\n  private svg: d3.Selection<SVGSVGElement, unknown, HTMLElement, any>;\n  private g: d3.Selection<SVGGElement, unknown, HTMLElement, any>;\n  private tree: d3.TreeLayout<HierarchyNode>;\n  private root: d3.HierarchyNode<HierarchyNode>;\n  private i: number = 0;\n  private duration: number = 750;\n  \n  constructor(container: string, data: HierarchyNode, options: {\n    width?: number;\n    height?: number;\n    margin?: { top: number; right: number; bottom: number; left: number };\n  } = {}) {\n    this.width = options.width || 960;\n    this.height = options.height || 500;\n    this.margin = options.margin || { top: 20, right: 90, bottom: 30, left: 90 };\n    \n    // Create SVG\n    this.svg = d3.select(container)\n      .append('svg')\n      .attr('width', this.width + this.margin.left + this.margin.right)\n      .attr('height', this.height + this.margin.top + this.margin.bottom);\n    \n    this.g = this.svg.append('g')\n      .attr('transform', `translate(${this.margin.left},${this.margin.top})`);\n    \n    // Create tree layout\n    this.tree = d3.tree<HierarchyNode>()\n      .size([this.height, this.width]);\n    \n    // Initialize root\n    this.root = d3.hierarchy(data, d => d.children);\n    this.root.x0 = this.height / 2;\n    this.root.y0 = 0;\n    \n    // Collapse children initially\n    if (this.root.children) {\n      this.root.children.forEach(d => this.collapse(d));\n    }\n    \n    this.update(this.root);\n  }\n  \n  private collapse = (d: d3.HierarchyNode<HierarchyNode>) => {\n    if (d.children) {\n      (d.data as any)._children = d.children;\n      (d.data as any)._children.forEach(this.collapse);\n      d.children = null;\n    }\n  }\n  \n  private click = (event: MouseEvent, d: d3.HierarchyNode<HierarchyNode>) => {\n    if ((d.data as any)._children) {\n      d.children = (d.data as any)._children;\n      (d.data as any)._children = null;\n    } else {\n      (d.data as any)._children = d.children;\n      d.children = null;\n    }\n    this.update(d);\n  }\n  \n  private update = (source: d3.HierarchyNode<HierarchyNode>) => {\n    // Compute new tree layout\n    const treeData = this.tree(this.root);\n    const nodes = treeData.descendants();\n    const links = treeData.descendants().slice(1);\n    \n    // Normalize for fixed-depth\n    nodes.forEach(d => d.y = d.depth * 180);\n    \n    // Update nodes\n    const node = this.g.selectAll('g.node')\n      .data(nodes, (d: any) => d.id || (d.id = ++this.i));\n    \n    // Enter new nodes at parent's previous position\n    const nodeEnter = node.enter()\n      .append('g')\n      .attr('class', 'node')\n      .attr('transform', d => `translate(${source.y0},${source.x0})`)\n      .on('click', this.click);\n    \n    nodeEnter.append('circle')\n      .attr('r', 1e-6)\n      .style('fill', d => (d.data as any)._children ? 'lightsteelblue' : '#fff')\n      .style('stroke', 'steelblue')\n      .style('stroke-width', '3px')\n      .style('cursor', 'pointer');\n    \n    nodeEnter.append('text')\n      .attr('dy', '.35em')\n      .attr('x', d => d.children || (d.data as any)._children ? -13 : 13)\n      .attr('text-anchor', d => d.children || (d.data as any)._children ? 'end' : 'start')\n      .text(d => d.data.name)\n      .style('font', '12px sans-serif')\n      .style('fill-opacity', 1e-6);\n    \n    // Update existing nodes\n    const nodeUpdate = nodeEnter.merge(node as any);\n    \n    nodeUpdate.transition()\n      .duration(this.duration)\n      .attr('transform', d => `translate(${d.y},${d.x})`);\n    \n    nodeUpdate.select('circle')\n      .attr('r', 10)\n      .style('fill', d => (d.data as any)._children ? 'lightsteelblue' : '#fff')\n      .attr('cursor', 'pointer');\n    \n    nodeUpdate.select('text')\n      .style('fill-opacity', 1);\n    \n    // Remove exiting nodes\n    const nodeExit = node.exit().transition()\n      .duration(this.duration)\n      .attr('transform', d => `translate(${source.y},${source.x})`)\n      .remove();\n    \n    nodeExit.select('circle')\n      .attr('r', 1e-6);\n    \n    nodeExit.select('text')\n      .style('fill-opacity', 1e-6);\n    \n    // Update links\n    const link = this.g.selectAll('path.link')\n      .data(links, (d: any) => d.id);\n    \n    // Enter new links at parent's previous position\n    const linkEnter = link.enter()\n      .insert('path', 'g')\n      .attr('class', 'link')\n      .attr('d', d => {\n        const o = { x: source.x0, y: source.y0 };\n        return this.diagonal(o as any, o as any);\n      })\n      .style('fill', 'none')\n      .style('stroke', '#ccc')\n      .style('stroke-width', '2px');\n    \n    // Update existing links\n    const linkUpdate = linkEnter.merge(link as any);\n    \n    linkUpdate.transition()\n      .duration(this.duration)\n      .attr('d', d => this.diagonal(d, d.parent));\n    \n    // Remove exiting links\n    link.exit().transition()\n      .duration(this.duration)\n      .attr('d', d => {\n        const o = { x: source.x, y: source.y };\n        return this.diagonal(o as any, o as any);\n      })\n      .remove();\n    \n    // Store old positions for transition\n    nodes.forEach(d => {\n      d.x0 = d.x;\n      d.y0 = d.y;\n    });\n  }\n  \n  private diagonal = (\n    s: { x: number; y: number }, \n    d: { x: number; y: number }\n  ): string => {\n    return `M ${s.y} ${s.x}\n            C ${(s.y + d.y) / 2} ${s.x},\n              ${(s.y + d.y) / 2} ${d.x},\n              ${d.y} ${d.x}`;\n  }\n  \n  // Public methods\n  public expandAll = () => {\n    const expand = (d: d3.HierarchyNode<HierarchyNode>) => {\n      if ((d.data as any)._children) {\n        d.children = (d.data as any)._children;\n        (d.data as any)._children = null;\n      }\n      if (d.children) {\n        d.children.forEach(expand);\n      }\n    };\n    \n    expand(this.root);\n    this.update(this.root);\n  }\n  \n  public collapseAll = () => {\n    if (this.root.children) {\n      this.root.children.forEach(this.collapse);\n    }\n    this.update(this.root);\n  }\n  \n  public updateData = (newData: HierarchyNode) => {\n    this.root = d3.hierarchy(newData, d => d.children);\n    this.root.x0 = this.height / 2;\n    this.root.y0 = 0;\n    this.update(this.root);\n  }\n  \n  public searchNode = (searchTerm: string): d3.HierarchyNode<HierarchyNode>[] => {\n    const results: d3.HierarchyNode<HierarchyNode>[] = [];\n    \n    const search = (node: d3.HierarchyNode<HierarchyNode>) => {\n      if (node.data.name.toLowerCase().includes(searchTerm.toLowerCase())) {\n        results.push(node);\n      }\n      \n      if (node.children) {\n        node.children.forEach(search);\n      }\n      \n      if ((node.data as any)._children) {\n        (node.data as any)._children.forEach(search);\n      }\n    };\n    \n    search(this.root);\n    return results;\n  }\n  \n  public highlightPath = (targetNode: d3.HierarchyNode<HierarchyNode>) => {\n    // Reset all highlights\n    this.g.selectAll('.node circle')\n      .style('stroke', 'steelblue')\n      .style('stroke-width', '3px');\n    \n    this.g.selectAll('.link')\n      .style('stroke', '#ccc')\n      .style('stroke-width', '2px');\n    \n    // Highlight path to target\n    let current = targetNode;\n    const pathNodes: d3.HierarchyNode<HierarchyNode>[] = [];\n    \n    while (current) {\n      pathNodes.push(current);\n      current = current.parent;\n    }\n    \n    // Highlight nodes in path\n    pathNodes.forEach(node => {\n      this.g.selectAll('.node')\n        .filter((d: any) => d === node)\n        .select('circle')\n        .style('stroke', 'red')\n        .style('stroke-width', '5px');\n    });\n  }\n}\n\n// Usage example\nconst treeData = {\n  name: \"Root\",\n  children: [\n    {\n      name: \"Branch 1\",\n      children: [\n        { name: \"Leaf 1.1\" },\n        { name: \"Leaf 1.2\" }\n      ]\n    },\n    {\n      name: \"Branch 2\",\n      children: [\n        { name: \"Leaf 2.1\" },\n        { name: \"Leaf 2.2\" }\n      ]\n    }\n  ]\n};\n\n// Initialize tree\nconst tree = new CollapsibleTree('#tree-container', treeData, {\n  width: 800,\n  height: 600\n});\n\nexport default CollapsibleTree;",
      "language": "typescript"
    },
    {
      "title": "Virtual Tree with Search and Filtering",
      "description": "High-performance virtualized tree component with advanced search capabilities",
      "code": "import React, { useState, useMemo, useCallback, useRef, useEffect } from 'react';\nimport { FixedSizeList as List, ListChildComponentProps } from 'react-window';\n\ninterface TreeNode {\n  id: string;\n  name: string;\n  level: number;\n  expanded: boolean;\n  hasChildren: boolean;\n  children?: TreeNode[];\n  parentId?: string;\n  metadata?: Record<string, any>;\n}\n\ninterface FlatTreeNode extends TreeNode {\n  index: number;\n  visible: boolean;\n  matched: boolean;\n}\n\ninterface VirtualTreeProps {\n  data: TreeNode[];\n  height: number;\n  itemHeight?: number;\n  onNodeClick?: (node: TreeNode) => void;\n  onNodeExpand?: (node: TreeNode, expanded: boolean) => void;\n  searchTerm?: string;\n  className?: string;\n}\n\nconst VirtualTree: React.FC<VirtualTreeProps> = ({\n  data,\n  height,\n  itemHeight = 32,\n  onNodeClick,\n  onNodeExpand,\n  searchTerm = '',\n  className = ''\n}) => {\n  const [expandedNodes, setExpandedNodes] = useState<Set<string>>(new Set());\n  const [selectedNode, setSelectedNode] = useState<string | null>(null);\n  const listRef = useRef<List>(null);\n  \n  // Flatten tree structure for virtualization\n  const flattenedNodes = useMemo(() => {\n    const result: FlatTreeNode[] = [];\n    const searchLower = searchTerm.toLowerCase();\n    \n    const flatten = (nodes: TreeNode[], level: number = 0, parentId?: string) => {\n      nodes.forEach((node, index) => {\n        const isExpanded = expandedNodes.has(node.id);\n        const isMatched = searchTerm ? node.name.toLowerCase().includes(searchLower) : true;\n        const shouldShowChildren = isExpanded && (!searchTerm || hasMatchingDescendant(node, searchLower));\n        \n        // Add current node if it matches search or has matching children\n        if (isMatched || (searchTerm && hasMatchingDescendant(node, searchLower))) {\n          result.push({\n            ...node,\n            level,\n            expanded: isExpanded,\n            index: result.length,\n            visible: true,\n            matched: isMatched,\n            parentId\n          });\n        }\n        \n        // Recursively add children if expanded\n        if (node.children && shouldShowChildren) {\n          flatten(node.children, level + 1, node.id);\n        }\n      });\n    };\n    \n    flatten(data);\n    return result;\n  }, [data, expandedNodes, searchTerm]);\n  \n  // Helper function to check if node has matching descendants\n  const hasMatchingDescendant = useCallback((node: TreeNode, searchLower: string): boolean => {\n    if (node.name.toLowerCase().includes(searchLower)) return true;\n    \n    if (node.children) {\n      return node.children.some(child => hasMatchingDescendant(child, searchLower));\n    }\n    \n    return false;\n  }, []);\n  \n  // Handle node expansion\n  const handleNodeToggle = useCallback((node: FlatTreeNode) => {\n    const newExpanded = new Set(expandedNodes);\n    \n    if (expandedNodes.has(node.id)) {\n      newExpanded.delete(node.id);\n    } else {\n      newExpanded.add(node.id);\n    }\n    \n    setExpandedNodes(newExpanded);\n    onNodeExpand?.(node, !expandedNodes.has(node.id));\n  }, [expandedNodes, onNodeExpand]);\n  \n  // Handle node selection\n  const handleNodeSelect = useCallback((node: FlatTreeNode) => {\n    setSelectedNode(node.id);\n    onNodeClick?.(node);\n  }, [onNodeClick]);\n  \n  // Auto-scroll to first search match\n  useEffect(() => {\n    if (searchTerm && flattenedNodes.length > 0) {\n      const firstMatch = flattenedNodes.find(node => node.matched);\n      if (firstMatch && listRef.current) {\n        listRef.current.scrollToItem(firstMatch.index, 'start');\n      }\n    }\n  }, [searchTerm, flattenedNodes]);\n  \n  // Row renderer for react-window\n  const Row: React.FC<ListChildComponentProps> = ({ index, style }) => {\n    const node = flattenedNodes[index];\n    if (!node) return null;\n    \n    const isSelected = selectedNode === node.id;\n    const indent = node.level * 20;\n    \n    return (\n      <div\n        style={style}\n        className={`\n          flex items-center px-2 cursor-pointer select-none\n          ${isSelected ? 'bg-blue-100 border-l-4 border-blue-500' : ''}\n          ${node.matched && searchTerm ? 'bg-yellow-50' : ''}\n          hover:bg-gray-50\n        `}\n        onClick={() => handleNodeSelect(node)}\n      >\n        {/* Indentation */}\n        <div style={{ width: indent }} />\n        \n        {/* Expand/Collapse Button */}\n        <div className=\"w-4 h-4 mr-2 flex items-center justify-center\">\n          {node.hasChildren && (\n            <button\n              onClick={(e) => {\n                e.stopPropagation();\n                handleNodeToggle(node);\n              }}\n              className=\"w-4 h-4 rounded hover:bg-gray-200 flex items-center justify-center\"\n            >\n              {node.expanded ? (\n                <svg className=\"w-3 h-3\" fill=\"none\" stroke=\"currentColor\" viewBox=\"0 0 24 24\">\n                  <path strokeLinecap=\"round\" strokeLinejoin=\"round\" strokeWidth={2} d=\"M19 9l-7 7-7-7\" />\n                </svg>\n              ) : (\n                <svg className=\"w-3 h-3\" fill=\"none\" stroke=\"currentColor\" viewBox=\"0 0 24 24\">\n                  <path strokeLinecap=\"round\" strokeLinejoin=\"round\" strokeWidth={2} d=\"M9 5l7 7-7 7\" />\n                </svg>\n              )}\n            </button>\n          )}\n        </div>\n        \n        {/* Icon */}\n        <div className=\"w-4 h-4 mr-2 flex items-center justify-center\">\n          {node.hasChildren ? (\n            <svg className=\"w-4 h-4 text-blue-500\" fill=\"none\" stroke=\"currentColor\" viewBox=\"0 0 24 24\">\n              <path strokeLinecap=\"round\" strokeLinejoin=\"round\" strokeWidth={2} \n                    d=\"M3 7v10a2 2 0 002 2h14a2 2 0 002-2V9a2 2 0 00-2-2H5a2 2 0 00-2-2z\" />\n            </svg>\n          ) : (\n            <svg className=\"w-4 h-4 text-gray-500\" fill=\"none\" stroke=\"currentColor\" viewBox=\"0 0 24 24\">\n              <path strokeLinecap=\"round\" strokeLinejoin=\"round\" strokeWidth={2} \n                    d=\"M9 12h6m-6 4h6m2 5H7a2 2 0 01-2-2V5a2 2 0 012-2h5.586a1 1 0 01.707.293l5.414 5.414a1 1 0 01.293.707V19a2 2 0 01-2 2z\" />\n            </svg>\n          )}\n        </div>\n        \n        {/* Name with Search Highlighting */}\n        <span className=\"flex-1 text-sm truncate\">\n          {searchTerm ? (\n            <HighlightedText text={node.name} highlight={searchTerm} />\n          ) : (\n            node.name\n          )}\n        </span>\n        \n        {/* Metadata */}\n        {node.metadata && (\n          <div className=\"ml-2 text-xs text-gray-500\">\n            {Object.entries(node.metadata).map(([key, value]) => (\n              <span key={key} className=\"ml-2\">\n                {key}: {String(value)}\n              </span>\n            ))}\n          </div>\n        )}\n      </div>\n    );\n  };\n  \n  return (\n    <div className={`border border-gray-200 rounded ${className}`}>\n      <List\n        ref={listRef}\n        height={height}\n        itemCount={flattenedNodes.length}\n        itemSize={itemHeight}\n        overscanCount={10}\n        className=\"scrollbar-thin scrollbar-thumb-gray-300 scrollbar-track-gray-100\"\n      >\n        {Row}\n      </List>\n      \n      {/* Status bar */}\n      <div className=\"px-2 py-1 bg-gray-50 border-t border-gray-200 text-xs text-gray-600\">\n        {searchTerm ? (\n          <span>\n            {flattenedNodes.filter(n => n.matched).length} matches for \"{searchTerm}\"\n          </span>\n        ) : (\n          <span>{flattenedNodes.length} items</span>\n        )}\n      </div>\n    </div>\n  );\n};\n\n// Helper component for highlighting search terms\nconst HighlightedText: React.FC<{ text: string; highlight: string }> = ({ text, highlight }) => {\n  if (!highlight) return <>{text}</>;\n  \n  const parts = text.split(new RegExp(`(${highlight})`, 'gi'));\n  return (\n    <>\n      {parts.map((part, i) => \n        part.toLowerCase() === highlight.toLowerCase() ? (\n          <mark key={i} className=\"bg-yellow-200\">{part}</mark>\n        ) : (\n          <span key={i}>{part}</span>\n        )\n      )}\n    </>\n  );\n};\n\n// Usage example with search integration\nconst TreeWithSearch: React.FC = () => {\n  const [searchTerm, setSearchTerm] = useState('');\n  const [treeData] = useState<TreeNode[]>([\n    {\n      id: '1',\n      name: 'Root Folder',\n      level: 0,\n      expanded: false,\n      hasChildren: true,\n      children: [\n        {\n          id: '2',\n          name: 'Documents',\n          level: 1,\n          expanded: false,\n          hasChildren: true,\n          children: [\n            { id: '3', name: 'file1.txt', level: 2, expanded: false, hasChildren: false },\n            { id: '4', name: 'file2.pdf', level: 2, expanded: false, hasChildren: false }\n          ]\n        }\n      ]\n    }\n  ]);\n  \n  return (\n    <div className=\"p-4\">\n      <div className=\"mb-4\">\n        <input\n          type=\"text\"\n          placeholder=\"Search tree...\"\n          className=\"w-full px-3 py-2 border border-gray-300 rounded focus:outline-none focus:ring-2 focus:ring-blue-500\"\n          value={searchTerm}\n          onChange={(e) => setSearchTerm(e.target.value)}\n        />\n      </div>\n      \n      <VirtualTree\n        data={treeData}\n        height={400}\n        searchTerm={searchTerm}\n        onNodeClick={(node) => console.log('Selected:', node.name)}\n        onNodeExpand={(node, expanded) => console.log('Expanded:', node.name, expanded)}\n        className=\"shadow-sm\"\n      />\n    </div>\n  );\n};\n\nexport default VirtualTree;",
      "language": "tsx"
    }
  ],
  "performance_benchmarks": [
    {
      "metric": "Rendering Performance",
      "baseline": "10,000 nodes: 500ms initial render",
      "optimized": "Virtualized: 50ms initial render",
      "improvement_factor": "10x faster with react-window virtualization"
    },
    {
      "metric": "Memory Usage",
      "baseline": "Large tree: 150MB DOM nodes",
      "optimized": "Virtualized: 15MB active nodes",
      "improvement_factor": "90% memory reduction with virtualization"
    },
    {
      "metric": "Search Performance",
      "baseline": "Linear search: 300ms for 10,000 nodes",
      "optimized": "Indexed search: 30ms with pre-computed indices",
      "improvement_factor": "10x faster search with indexing"
    },
    {
      "metric": "Drag and Drop Operations",
      "baseline": "Complex tree: 150ms per operation",
      "optimized": "Optimized updates: 15ms per operation",
      "improvement_factor": "10x faster with state normalization"
    }
  ],
  "security_guidelines": [
    {
      "category": "input_sanitization",
      "title": "Tree Node Content Security",
      "description": "Sanitize all tree node content to prevent XSS attacks through malicious node names or metadata",
      "risk_level": "medium",
      "mitigation": "Use proper HTML escaping and validate all user-provided tree data before rendering"
    },
    {
      "category": "state_validation",
      "title": "Tree State Integrity",
      "description": "Validate tree structure integrity to prevent infinite loops or stack overflow attacks",
      "risk_level": "medium",
      "mitigation": "Implement cycle detection and depth limits for tree traversal operations"
    },
    {
      "category": "data_exposure",
      "title": "Sensitive Data in Tree Metadata",
      "description": "Ensure sensitive information is not exposed through tree node metadata or search functionality",
      "risk_level": "low",
      "mitigation": "Filter sensitive fields from tree data and implement proper access controls for metadata"
    }
  ],
  "troubleshooting": [
    {
      "issue": "Tree component causing severe performance degradation with large datasets",
      "symptoms": ["UI freezing during tree rendering", "High memory usage >1GB", "Slow scrolling and interaction lag", "Browser tab becoming unresponsive"],
      "root_causes": ["Rendering all tree nodes in DOM simultaneously", "No virtualization for large datasets", "Inefficient re-rendering on state changes", "Deep tree structures causing stack overflow"],
      "solutions": ["Implement virtualization with react-window or react-virtualized", "Use lazy loading for tree branches", "Implement proper memoization with React.memo", "Flatten tree structure for virtualization"],
      "verification": "Test with 10,000+ nodes and monitor React DevTools performance profiler",
      "references": ["https://react-window.vercel.app/", "https://github.com/bvaughn/react-virtualized"]
    },
    {
      "issue": "Drag and drop operations causing data corruption or infinite loops",
      "symptoms": ["Nodes disappearing after drag operations", "Circular references in tree structure", "Drag preview not updating correctly", "Drop operations not registering"],
      "root_causes": ["Improper parent-child relationship updates", "Race conditions in state updates", "Missing validation for drop targets", "Incorrect tree traversal algorithms"],
      "solutions": ["Implement immutable tree updates", "Use proper key generation for React reconciliation", "Add validation for circular references", "Implement atomic drag-drop operations with rollback"],
      "verification": "Test drag operations with deep tree structures and validate tree integrity",
      "references": ["https://github.com/react-dnd/react-dnd", "https://github.com/atlassian/react-beautiful-dnd"]
    },
    {
      "issue": "React Arborist tree not updating properly with external data changes",
      "symptoms": ["Tree not reflecting data updates", "Stale node states persisting", "Selection state inconsistencies", "Search results not updating"],
      "root_causes": ["Incorrect data dependency management", "Missing key props or improper key generation", "State lifting issues between parent and tree component", "Cache invalidation problems"],
      "solutions": ["Ensure proper dependency arrays in useEffect", "Use stable keys based on node IDs", "Implement proper controlled vs uncontrolled patterns", "Clear internal caches when data changes"],
      "verification": "Test with rapidly changing external data sources and verify UI synchronization",
      "references": ["https://github.com/brimdata/react-arborist", "https://react.dev/learn/synchronizing-with-effects"]
    },
    {
      "issue": "Accessibility issues with tree navigation and screen readers",
      "symptoms": ["Screen readers not announcing tree structure", "Keyboard navigation not working", "Focus management problems", "Missing ARIA attributes"],
      "root_causes": ["Missing ARIA tree role attributes", "Improper focus management", "No keyboard event handling", "Missing semantic HTML structure"],
      "solutions": ["Implement proper ARIA tree roles (tree, treeitem, group)", "Add comprehensive keyboard navigation (arrow keys, enter, space)", "Use roving tabindex pattern for focus management", "Test with actual screen readers"],
      "verification": "Test with NVDA/JAWS screen readers and keyboard-only navigation",
      "references": ["https://www.w3.org/WAI/ARIA/apg/patterns/treeview/", "https://developer.mozilla.org/en-US/docs/Web/Accessibility/ARIA/Roles/tree_role"]
    }
  ],
  "common_pitfalls": [
    {
      "mistake": "Using array indices as React keys for tree nodes",
      "consequences": "Incorrect component reuse, lost state during reordering, performance issues",
      "prevention": "Always use stable, unique identifiers (node.id) as React keys",
      "recovery": "Refactor to use proper unique keys and test tree operations thoroughly"
    },
    {
      "mistake": "Not implementing proper tree state normalization",
      "consequences": "Difficult state updates, performance issues with deep nesting, complex tree operations",
      "prevention": "Use normalized state with flat maps (nodeId -> node) and parent-child relationship tracking",
      "recovery": "Refactor tree state to use normalized structure with proper indexing"
    },
    {
      "mistake": "Implementing custom tree components without considering virtualization",
      "consequences": "Poor performance with large datasets, high memory usage, browser crashes",
      "prevention": "Plan for virtualization from the beginning, especially for trees with >1000 nodes",
      "recovery": "Integrate virtualization libraries like react-window or implement custom windowing"
    },
    {
      "mistake": "Not handling asynchronous tree data loading properly",
      "consequences": "Race conditions, inconsistent UI state, data corruption, loading state issues",
      "prevention": "Implement proper loading states, error boundaries, and data consistency checks",
      "recovery": "Add proper async state management with loading/error states and data validation"
    }
  ],
  "latest_trends_2025": [
    {
      "trend": "React 19 with Enhanced Concurrent Features",
      "release_date": "2025-05-15",
      "key_features": ["Improved automatic batching", "Enhanced Suspense for data fetching", "Better server components integration", "Optimized concurrent rendering"],
      "migration_notes": "Update React and ensure compatibility with new concurrent features"
    },
    {
      "trend": "TypeScript 5.6 with Enhanced Type Inference",
      "release_date": "2025-08-30",
      "key_features": ["Better generic type inference", "Improved type narrowing", "Enhanced error messages", "New utility types for tree structures"],
      "adoption_status": "Production-ready with improved developer experience"
    },
    {
      "trend": "Web Components Integration with React Trees",
      "description": "Hybrid approach using Web Components for tree nodes with React orchestration",
      "use_cases": ["Cross-framework tree components", "Design system interoperability", "Performance optimization", "Third-party widget integration"],
      "implementation_example": "React wrapper managing Web Component tree nodes for better encapsulation"
    },
    {
      "trend": "AI-Powered Tree UI Generation",
      "description": "Machine learning models generating optimal tree layouts and interactions",
      "use_cases": ["Automatic tree structure optimization", "Intelligent node grouping", "Adaptive UI layouts", "User behavior prediction"],
      "adoption_status": "Early adoption in enterprise applications"
    }
  ],
  "production_patterns": [
    {
      "scenario": "Large-scale file system browser with 1M+ files",
      "scale": "1M+ files, 100k+ folders, real-time updates, multi-user collaboration",
      "architecture": "React Arborist with virtualization, WebSocket for real-time updates, IndexedDB for offline caching, Web Workers for tree operations",
      "performance_metrics": {
        "latency_p50": "<50ms tree navigation",
        "latency_p99": "<200ms search operations",
        "memory_usage": "<100MB for 10k visible nodes",
        "render_time": "<16ms per frame (60fps)"
      },
      "lessons_learned": ["Virtualization essential for large datasets", "Web Workers prevent UI blocking for heavy operations", "Proper key management crucial for performance"],
      "monitoring_setup": "React DevTools profiler, custom performance metrics, memory usage monitoring"
    },
    {
      "scenario": "Real-time collaborative document outline editor",
      "scale": "1000+ concurrent users, real-time collaborative editing, conflict resolution",
      "architecture": "React with Operational Transform, WebSocket connections, optimistic updates, CRDT for conflict resolution",
      "performance_metrics": {
        "latency_p50": "<100ms collaborative updates",
        "latency_p99": "<500ms conflict resolution",
        "sync_accuracy": "99.9% operation consistency",
        "connection_stability": "<1% disconnection rate"
      },
      "lessons_learned": ["Optimistic updates improve perceived performance", "Proper conflict resolution prevents data loss", "Client-side reconciliation reduces server load"],
      "monitoring_setup": "Operational transform metrics, collaboration conflict tracking, real-time sync monitoring"
    }
  ],
  "scaling_strategies": [
    {
      "from_scale": "1K nodes, 100 concurrent users",
      "to_scale": "100K nodes, 1K concurrent users",
      "changes_required": [
        "Implement virtual scrolling with react-window",
        "Add lazy loading for tree branches",
        "Implement client-side caching with React Query",
        "Add search indexing with Fuse.js",
        "Optimize re-renders with React.memo and useMemo"
      ],
      "cost_implications": "Client-side optimization, minimal infrastructure cost increase",
      "timeline": "3-4 weeks implementation",
      "performance_impact": {
        "render_performance": "90% improvement with virtualization",
        "memory_usage": "Reduced from 500MB to 50MB",
        "search_speed": "Sub-100ms search in 100K nodes"
      }
    },
    {
      "from_scale": "100K nodes, 1K concurrent users",
      "to_scale": "1M+ nodes, 10K concurrent users",
      "changes_required": [
        "Implement server-side tree APIs with pagination",
        "Add WebSocket for real-time collaboration",
        "Implement tree data streaming and chunking",
        "Add advanced caching strategies (Redis)",
        "Implement tree diff algorithms for updates",
        "Add CDN for static tree resources"
      ],
      "cost_implications": "Infrastructure costs 10-15x, need WebSocket servers and Redis",
      "timeline": "6-8 weeks implementation",
      "performance_impact": {
        "concurrent_users": "10K+ simultaneous tree interactions",
        "data_sync_latency": "<200ms for collaborative updates",
        "tree_load_time": "<2s for million-node trees"
      }
    },
    {
      "from_scale": "1M+ nodes, 10K concurrent users",
      "to_scale": "100M+ nodes, 100K+ concurrent users",
      "changes_required": [
        "Implement distributed tree architecture",
        "Add edge caching for global tree access",
        "Implement tree sharding by organization/project",
        "Add advanced collaboration conflict resolution",
        "Implement tree analytics and insights",
        "Add AI-powered tree organization suggestions"
      ],
      "cost_implications": "Enterprise-scale infrastructure, 50-100x cost increase",
      "timeline": "4-6 months implementation",
      "performance_impact": {
        "global_latency": "<100ms tree access worldwide",
        "collaboration_scale": "1000+ users per tree simultaneously",
        "ai_assistance": "Intelligent tree organization and navigation"
      }
    }
  ],
  "expanded_production_patterns": [
    {
      "scenario": "Enterprise File Management System",
      "scale": "10M+ files across 1000+ departments",
      "architecture": "Hierarchical tree with role-based access control and audit trails",
      "performance_metrics": {
        "tree_navigation_p50": "30ms",
        "tree_navigation_p99": "150ms",
        "file_operations": "500+ operations/second",
        "concurrent_users": "5000+ simultaneous users"
      },
      "lessons_learned": [
        "Role-based tree filtering essential for enterprise security",
        "Audit trails for tree operations required for compliance",
        "Bulk operations must not block UI interaction",
        "Cross-department tree sharing requires careful permission management"
      ],
      "monitoring_setup": "User interaction analytics with security audit logging"
    },
    {
      "scenario": "Code Repository Browser",
      "scale": "1000+ repositories, 100K+ files per repo",
      "architecture": "Git-integrated tree with diff visualization and blame annotations",
      "performance_metrics": {
        "git_tree_load": "<1s for large repositories",
        "diff_visualization": "<500ms for complex diffs",
        "blame_annotation": "<200ms per file",
        "search_performance": "<100ms cross-repo search"
      },
      "lessons_learned": [
        "Git integration requires careful handling of large repositories",
        "Diff visualization needs efficient tree update algorithms",
        "Blame information must be loaded lazily for performance",
        "Cross-repository search requires indexed tree structures"
      ],
      "monitoring_setup": "Git operation metrics with code exploration analytics"
    },
    {
      "scenario": "Real-time Decision Tree Builder",
      "scale": "Complex decision trees with 10K+ nodes and real-time collaboration",
      "architecture": "CRDT-based collaborative tree with operational transforms",
      "performance_metrics": {
        "collaborative_latency": "<50ms for tree edits",
        "conflict_resolution": "<100ms for merge conflicts",
        "tree_validation": "Real-time logic validation",
        "export_performance": "<2s for complex tree exports"
      },
      "lessons_learned": [
        "CRDT algorithms essential for conflict-free collaboration",
        "Real-time validation prevents invalid tree states",
        "Operational transforms must preserve tree semantics",
        "Export formats require optimized tree traversal"
      ],
      "monitoring_setup": "Collaboration metrics with decision tree analytics"
    },
    {
      "scenario": "Knowledge Management Tree",
      "scale": "Organizational knowledge with 50K+ articles and dynamic categorization",
      "architecture": "AI-powered tree organization with semantic search and auto-categorization",
      "performance_metrics": {
        "semantic_search": "<200ms for complex queries",
        "auto_categorization": "<1s for new content",
        "tree_restructuring": "<5s for AI-suggested reorganization",
        "knowledge_discovery": "90% relevant recommendations"
      },
      "lessons_learned": [
        "AI categorization improves over time with user feedback",
        "Semantic search requires vector-based tree indexing",
        "Dynamic tree restructuring must preserve user bookmarks",
        "Knowledge discovery benefits from user behavior analytics"
      ],
      "monitoring_setup": "Knowledge usage analytics with AI recommendation tracking"
    },
    {
      "scenario": "Multi-tenant Project Management Tree",
      "scale": "10K+ organizations with isolated project hierarchies",
      "architecture": "Tenant-isolated trees with shared resource libraries",
      "performance_metrics": {
        "tenant_isolation": "100% data separation",
        "shared_resources": "<100ms cross-tenant access",
        "project_templates": "<2s template instantiation",
        "bulk_operations": "1000+ projects/minute"
      },
      "lessons_learned": [
        "Tenant isolation critical for enterprise SaaS",
        "Shared resources require careful access control",
        "Project templates must scale with organization size",
        "Bulk operations need background processing"
      ],
      "monitoring_setup": "Tenant-specific analytics with cross-tenant resource usage tracking"
    }
  ],
  "rag_development_scenarios": [
    {
      "scenario": "Dynamic Taxonomy Visualization Development",
      "development_phase": "UI/UX Development",
      "collaboration_agents": ["taxonomy-architect", "api-designer"],
      "development_tasks": [
        "Build interactive taxonomy tree visualization for development tools",
        "Create taxonomy editing and validation interface",
        "Design RAG query result visualization with taxonomy context",
        "Develop taxonomy diff and version comparison tools"
      ],
      "technical_decisions": {
        "visualization_library": "D3.js for flexible taxonomy tree rendering + React for UI components",
        "editing_interface": "Drag-and-drop taxonomy editing with real-time validation",
        "result_visualization": "Hierarchical result display with taxonomy path highlighting",
        "diff_visualization": "Git-style diff for taxonomy changes with visual tree comparison"
      },
      "development_outputs": [
        "Taxonomy tree visualization component",
        "Taxonomy editing interface",
        "RAG result visualization system",
        "Taxonomy version comparison tools"
      ]
    },
    {
      "scenario": "RAG Development Dashboard Interface",
      "development_phase": "Development Tooling UI",
      "collaboration_agents": ["rag-evaluation-specialist", "observability-engineer"],
      "development_tasks": [
        "Build development dashboard for RAG experimentation",
        "Create evaluation result visualization and comparison tools",
        "Design configuration management interface",
        "Develop real-time development monitoring displays"
      ],
      "technical_decisions": {
        "dashboard_framework": "React with TypeScript for type-safe development tools",
        "visualization_approach": "Chart.js for metrics + custom components for RAG-specific data",
        "state_management": "Redux Toolkit for complex development state management",
        "real_time_updates": "WebSocket integration for live development monitoring"
      },
      "development_outputs": [
        "RAG development dashboard",
        "Evaluation visualization components",
        "Configuration management UI",
        "Real-time monitoring interface"
      ]
    }
  ],
  "cross_agent_development_collaboration": [
    {
      "collaboration_type": "Development Tool UI Design",
      "agents": ["tree-ui-developer", "taxonomy-architect", "rag-evaluation-specialist"],
      "development_scenario": "Creating intuitive interfaces for RAG development workflow",
      "workflow": [
        "Tree-ui-developer: Designs user interface patterns and interaction models",
        "Taxonomy-architect: Provides taxonomy visualization requirements and constraints",
        "Rag-evaluation-specialist: Defines evaluation result presentation needs",
        "Joint: Develops integrated development tool interface"
      ],
      "deliverables": [
        "RAG development tool UI specification",
        "Taxonomy visualization standards",
        "Evaluation result display guidelines",
        "Integrated development interface"
      ]
    }
  ]
}